İlan No:,İlan Tarihi:,Marka:,Seri:,Model:,Yıl:,Yakıt Tipi:,Vites Tipi:,Motor Hacmi:,Motor Gücü:,Kilometre:,car_link:,price,boya_degisen,aciklama
,, Opel   , Astra   , 1.6 CDTI Sport   ,,, Düz   , 1598 cc   , 136 hp   , 110.000 km   ,https://www.arabam.com//ilan/sahibinden-satilik-opel-astra-1-6-cdti-sport/sahibinden-opel-astra-1-6-cdti-sport-2014-model/16134717,  154.500 TL  ,   Created by Arabam IT  Ã–n Tampon     SaÄŸ Arka Ã‡amurlukMotor KaputuArka KaputTavanArka Tampon  Sol Arka Çamurluk:  BoyanmÄ±ÅŸ  Sol Arka KapÄ±:  BoyanmÄ±ÅŸ  Sol Ön KapÄ±:  BoyanmÄ±ÅŸ  Sol Ön Çamurluk:  BoyanmÄ±ÅŸ  BelirtilmemiÅŸOrijinalBoyalÄ±Lokal BoyalÄ±DeÄŸiÅŸmiÅŸ   Toplam Tramer TutarÄ±:  4.585 TL  ,aracin sag arka camurlukta surtmeden dolayi hafif gocuk var. boya olmamasi icin yaptirilmadi. sol kisim bariyere surtmekten dolayi boyali. auto king de ozenle yapildi tramer 4585 tlmuayene 2021 Eylul
 16731025   , 05 Şubat 2021   , Mercedes - Benz   , E   , 180 Exclusive   , 2017   , Benzin   , Otomatik   , 1595 cc   , 156 hp   , 46.000 km   ,https://www.arabam.com//ilan/sahibinden-satilik-mercedes-benz-e-180-exclusive/sahibinden-mercedes-benz-e-180-exclusive-2017-model/16731025,  650.000 TL  ,   Created by Arabam IT  Ön Tampon     Sağ Arka ÇamurlukMotor KaputuArka KaputTavanArka Tampon  Sağ Arka Çamurluk:  Orijinal  Arka Kaput:  Orijinal  Sol Arka Çamurluk:  Orijinal  Sağ Arka Kapı:  Orijinal  Sağ Ön Kapı:  Orijinal  Tavan:  Orijinal  Sol Arka Kapı:  Orijinal  Sol Ön Kapı:  Orijinal  Sağ Ön Çamurluk:  Orijinal  Motor Kaputu:  Orijinal  Sol Ön Çamurluk:  Orijinal  Ön Tampon:  Orijinal  Arka Tampon:  Orijinal  BelirtilmemişOrijinalBoyalıLokal BoyalıDeğişmiş ,Koluman çıkışlı servis bakımlı çok temiz kazasız hayalet ekran sunroof imza seri
 16194894   , 05 Şubat 2021   , Volkswagen   , Passat   , 1.4 TSi BlueMotion Trendline   , 2018   , Benzin   , Yarı Otomatik   , 1395 cc   , 125 hp   , 46.500 km   ,https://www.arabam.com//ilan/sahibinden-satilik-volkswagen-passat-1-4-tsi-bluemotion-trendline/sahibinden-volkswagen-passat-1-4-tsi-bluemotion-trendline-2018-model-istanbul/16194894,  289.000 TL  ,   Created by Arabam IT  Ön Tampon     Sağ Arka ÇamurlukMotor KaputuArka KaputTavanArka Tampon  Ön Tampon:  Değişmiş  BelirtilmemişOrijinalBoyalıLokal BoyalıDeğişmiş   Tramer tutarı belirtilmemiş   ,"İlk sahibinden, bayan sürücüTüm bakımları yetkili serviste tamamBirer set yaz ve kış lastikleri dahil"
 16646761   , 04 Şubat 2021   , Kia   , Picanto   , 1.0 MPI   , 2020   , Benzin   , Otomatik   , 998 cc   , 67 hp   , 18.000 km   ,https://www.arabam.com//ilan/sahibinden-satilik-kia-picanto-1-0-mpi/sahibinden-kia-picanto-1-0-mpi-2020-model/16646761,  137.900 TL  ,   Created by Arabam IT  Ön Tampon     Sağ Arka ÇamurlukMotor KaputuArka KaputTavanArka Tampon  Sağ Arka Çamurluk:  Orijinal  Arka Kaput:  Orijinal  Sol Arka Çamurluk:  Orijinal  Sağ Arka Kapı:  Orijinal  Sağ Ön Kapı:  Orijinal  Tavan:  Orijinal  Sol Arka Kapı:  Orijinal  Sol Ön Kapı:  Orijinal  Sağ Ön Çamurluk:  Orijinal  Motor Kaputu:  Orijinal  Sol Ön Çamurluk:  Orijinal  Ön Tampon:  Orijinal  Arka Tampon:  Orijinal  BelirtilmemişOrijinalBoyalıLokal BoyalıDeğişmiş ,"2020 Kia Picanto Live otomatik sıfır ayarında hatasız 18000 kmdemayıs 2020 trafiğe çıkış tarihiotomobilin ikinci sahibiyim, ekspertiz yaptırıp aldım ekspertizi mevcuttur, istenirse yeni ekspertiz yaptırılabilir.geçen eylül ayında bakım yapılmış garantisinin devam etmesi açısından önümüzdeki mayısta bakım yaptırılabilir.yeni otomobil aldığım için satıyorum.herhangi sorunu, kazası, hasarı, hasar kaydı, boyası veya değişeni yoktur.fiyatın makul olma nedeni evdeki beşinci otomobil olması ve araç fazlalığındandır.şehir içi ve şehir dışı yakıt tüketimi çok idealdir.multimedya, apple carplay, android auto ve birçok özellik ve donanım fazlasıyla mevcuttur.hayırlı olmasını diliyorum.mesaj ve telefonla iletişime geçebilirsiniz."
 16588843   , 03 Şubat 2021   , Renault   , Clio   , 0.9 TCe Joy   , 2020   , Benzin   , Düz   , 1200 cm3' e kadar   , 101 - 125 HP   , 17.500 km   ,https://www.arabam.com//ilan/sahibinden-satilik-renault-clio-0-9-tce-joy/sahibinden-renault-clio-0-9-tce-joy-2020-model/16588843,  129.999 TL  ,   Created by Arabam IT  Ön Tampon     Sağ Arka ÇamurlukMotor KaputuArka KaputTavanArka Tampon  Sağ Arka Çamurluk:  Orijinal  Arka Kaput:  Orijinal  Sol Arka Çamurluk:  Orijinal  Sağ Arka Kapı:  Orijinal  Sağ Ön Kapı:  Orijinal  Tavan:  Orijinal  Sol Arka Kapı:  Orijinal  Sol Ön Kapı:  Orijinal  Sağ Ön Çamurluk:  Orijinal  Motor Kaputu:  Orijinal  Sol Ön Çamurluk:  Orijinal  Ön Tampon:  Orijinal  Arka Tampon:  Orijinal  BelirtilmemişOrijinalBoyalıLokal BoyalıDeğişmiş   Toplam Tramer Tutarı:  0 TL  ,"Askeri Personelden Temiz Kullanılmış Hatasız Boyasız Tramersiz 5 Yıl Bayi Garantili 
 
2020 Model 0.9 Tce Joy Paket 
 
Hız sabitleyici
Yokuş kalkış desteği 
Android Ekran Tablet
Geri görüş Kamerası
Park sensörü
Mayar sinyaller Bağaj -Far
İç aydınlatma ledleri
 
Tarafımca bayiden taktırılan onca ekstralar..
Aracım yeni nesil turbo motor 1.6 arabadan farksızdır. Km başı uzun yol 27 kr şehir içi 34 kr yakmaktadır.
 
 "
 16565659   , 02 Şubat 2021   , Toyota   , Corolla   , 1.4 D-4D Comfort Extra   , 2012   , Dizel   , Düz   , 1364 cc   , 90 hp   , 226.000 km   ,https://www.arabam.com//ilan/sahibinden-satilik-toyota-corolla-1-4-d-4d-comfort-extra/sahibinden-toyota-corolla-1-4-d-4d-comfort-extra-2012-model/16565659,  122.500 TL  ,   Created by Arabam IT  Ön Tampon     Sağ Arka ÇamurlukMotor KaputuArka KaputTavanArka Tampon  Arka Tampon:  Boyanmış  BelirtilmemişOrijinalBoyalıLokal BoyalıDeğişmiş   Toplam Tramer Tutarı:  340 TL  ,"ilk sahibiyim, Aracın Periyodik Bakımları zamanında yapılmıştır,
Dijital klima, Sis farı,Araçta sigara içilmemiştir, Koltuklarda, Yer ve Tavan döşemesinde herhangi bir problem yok,
07/2020 akü ve 08/2020 lastikleri yenilenmiştir,
araç muayenesi 02/08/2021 tarihine kadar geçerlidir, 
değişen yok,
ön kaput ve sol arka kapı üzerinde dikkatle bakıldığında fark edilebilen lokal anahtar çiziği bulunmakta,(özellikle boyatılmamıştır)
 arka tampon boyanmasına bağlı 340 tl tramer kayıtlıdır, 
 "
 16530322   , 31 Ocak 2021   , Ford   , Focus   , 1.6 TDCi Titanium   , 2012   , Dizel   , Düz   , 1560 cc   , 115 hp   , 177.000 km   ,https://www.arabam.com//ilan/sahibinden-satilik-ford-focus-1-6-tdci-titanium/sahibinden-ford-focus-1-6-tdci-titanium-2012-model/16530322,  143.000 TL  ,   Created by Arabam IT  Ön Tampon     Sağ Arka ÇamurlukMotor KaputuArka KaputTavanArka Tampon  Sağ Arka Çamurluk:  Orijinal  Arka Kaput:  Orijinal  Sol Arka Çamurluk:  Orijinal  Sağ Arka Kapı:  Orijinal  Sağ Ön Kapı:  Orijinal  Tavan:  Orijinal  Sol Arka Kapı:  Orijinal  Sol Ön Kapı:  Orijinal  Sağ Ön Çamurluk:  Orijinal  Motor Kaputu:  Orijinal  Sol Ön Çamurluk:  Orijinal  Ön Tampon:  Orijinal  Arka Tampon:  Orijinal  BelirtilmemişOrijinalBoyalıLokal BoyalıDeğişmiş ,Konuşan paket orijinal km boya değişen hasar kaydı yok lastikler iyi masrafsız not citti alıcılar arasın 
 16495956   , 26 Ocak 2021   , Skoda   , Forman   , 135 L   , 1993   , LPG & Benzin   , Düz   , 1289 cc   , 58 hp   , 256.000 km   ,https://www.arabam.com//ilan/sahibinden-satilik-skoda-forman-135-l/sahibinden-skoda-forman-135-xl-1993-model/16495956,  20.000 TL  ,   Created by Arabam IT  Ön Tampon     Sağ Arka ÇamurlukMotor KaputuArka KaputTavanArka Tampon  Sağ Arka Kapı:  Lokal Boyanmış  Sağ Ön Kapı:  Lokal Boyanmış  Sol Arka Kapı:  Lokal Boyanmış  BelirtilmemişOrijinalBoyalıLokal BoyalıDeğişmiş ,Aracımızın muayenesi yeni 2 aylık. Sıvı bakımları yeni yapıldı. İki adet te yaz lasitiği yanında verilecektir. Pazarlık payı vardır 
 16485263   , 25 Ocak 2021   , Fiat   , Punto   , 1.3 Multijet Pop   , 2012   , Dizel   , Düz   , 1248 cc   , 75 hp   , 186.000 km   ,https://www.arabam.com//ilan/sahibinden-satilik-fiat-punto-1-3-multijet-pop/sahibinden-fiat-punto-1-3-multijet-pop-2012-model/16485263,  82.000 TL  ,   Created by Arabam IT  Ön Tampon     Sağ Arka ÇamurlukMotor KaputuArka KaputTavanArka Tampon  Sağ Arka Çamurluk:  Orijinal  Arka Kaput:  Orijinal  Sol Arka Çamurluk:  Orijinal  Sağ Arka Kapı:  Değişmiş  Sağ Ön Kapı:  Değişmiş  Tavan:  Orijinal  Sol Arka Kapı:  Orijinal  Sol Ön Kapı:  Orijinal  Sağ Ön Çamurluk:  Orijinal  Motor Kaputu:  Orijinal  Sol Ön Çamurluk:  Orijinal  Ön Tampon:  Orijinal  Arka Tampon:  Orijinal  BelirtilmemişOrijinalBoyalıLokal BoyalıDeğişmiş   Toplam Tramer Tutarı:  5.500 TL  ,"AĞIR BAKIMLARI YAPILMIŞ
MUAYENE 2 YIL SONRA
TRAMER 5500 
SAĞ 2 KAPI DEĞİŞMİŞTİR, GERİSİ ORJİNALDİR.
KESİN ALICILAR ARASIN
 "
 16485404   , 25 Ocak 2021   , Opel   , Corsa   , 1.4 Enjoy   , 2008   , LPG & Benzin   , Otomatik   , 1364 cc   , 90 hp   , 152.000 km   ,https://www.arabam.com//ilan/sahibinden-satilik-opel-corsa-1-4-enjoy/tam-otomatik/16485404,  99.750 TL  , Satıcı bu ilan için boya - değişen  - tramer bilgisi vermemiştir.Detaylı bilgi almak için satıcı ile iletişime geçebilirsiniz. ,"Aracım orijinal kilometredir. Corsanın tutulan Tam otomatik 1.4 benzin/ LPG li dolu paketlerinden enjoy pakettir . Dört aibag , çelik jant, sis farı , park sensörü gibi bir çok özellik VARDIR. Motorunda şanzıman da hiç bir sorun yoktur. Geri kaçırma yapmaz. İçerisinde koltuklarda leke yırtık sökük yanık kesinlikle YOKTUR. Yağ bakımı filitreler yeni değişti. Akü yenidir . Kışlık bakımı yapılmıştır . Şuanda yapılacak hiç bir masrafı YOKTUR . Güneş yanığı YOKTUR. Aracı görmeden kimse karar vermesin . Araçta üç parça değişen üç parçada boya vardır . Kesinlikle tavanında direklerinde şasesinde podyesinde darbe işlem YOKTUR. 2500 TL hasar kaydı VARDIR. Ağır hasar kaydı pert kaydı YOKTUR. TAKAS YOKTUR. Hayırlısı ne ise o olsun."
 16469699   , 22 Ocak 2021   , Skoda   , Octavia   , 1.6 TDI Ambition   , 2012   , Dizel   , Yarı Otomatik   , 1598 cc   , 105 hp   , 100.500 km   ,https://www.arabam.com//ilan/sahibinden-satilik-skoda-octavia-1-6-tdi-ambition/sahibinden-skoda-octavia-1-6-tdi-ambition-2012-model/16469699,  149.000 TL  ,   Created by Arabam IT  Ön Tampon     Sağ Arka ÇamurlukMotor KaputuArka KaputTavanArka Tampon  Sağ Arka Çamurluk:  Lokal Boyanmış  Arka Kaput:  Orijinal  Sol Arka Çamurluk:  Orijinal  Sağ Arka Kapı:  Lokal Boyanmış  Sağ Ön Kapı:  Orijinal  Tavan:  Orijinal  Sol Arka Kapı:  Orijinal  Sol Ön Kapı:  Orijinal  Sağ Ön Çamurluk:  Orijinal  Motor Kaputu:  Orijinal  Sol Ön Çamurluk:  Orijinal  Ön Tampon:  Orijinal  Arka Tampon:  Orijinal  BelirtilmemişOrijinalBoyalıLokal BoyalıDeğişmiş   Tramer tutarı yok   ,SAHİBİNDEN SATILIK OCTAVİA. ARACIM 2012 MODEL ARALIK AYI ÇIKIŞLI DİZEL VE OTOMATİK. TASARRUFLU VE GENİŞ BAGAJ HACMİYLE HER TÜRLÜ EŞYANIZI TAŞIYABİLECEK BOYUTLARDA KONFORLU BİR ARAÇTIR. İLK SAHİBİYİM ŞİMDİYE KADAR HİÇ BİR SORUN İLE KARŞILAŞMADIM. ALICISINA HAYIRLI OLSUN ŞİMDİDEN. AĞIR BAKIMI YAPILMADI. LASTİKLERİ KIŞLIK ALACAK KİŞİNİN DEĞİŞTİRMESİ GEREKLİ. VİZESİ 2021 YILI 11 AYA KADAR. 8 YAŞINDA 
 16465506   , 22 Ocak 2021   , Mercedes - Benz   , C   , C 180 AMG 7G-Tronic   , 2012   , Benzin   , Otomatik   , 1796 cc   , 156 hp   , 106.000 km   ,https://www.arabam.com//ilan/sahibinden-satilik-mercedes-benz-c-180-amg-7g-tronic/sahibinden-mercedes-benz-c-180-amg-7g-tronic-2012-model/16465506,  285.000 TL  ,   Created by Arabam IT  Ön Tampon     Sağ Arka ÇamurlukMotor KaputuArka KaputTavanArka Tampon  Sağ Arka Çamurluk:  Orijinal  Arka Kaput:  Orijinal  Sol Arka Çamurluk:  Orijinal  Sağ Arka Kapı:  Orijinal  Sağ Ön Kapı:  Orijinal  Tavan:  Orijinal  Sol Arka Kapı:  Orijinal  Sol Ön Kapı:  Orijinal  Sağ Ön Çamurluk:  Orijinal  Motor Kaputu:  Orijinal  Sol Ön Çamurluk:  Orijinal  Ön Tampon:  Orijinal  Arka Tampon:  Orijinal  BelirtilmemişOrijinalBoyalıLokal BoyalıDeğişmiş   Tramer tutarı yok   ,"İlk sahibinden ACİL SATILIK cam tavanlı Mercedes AMG 7G. 
Boya, değişen, hasar kaydı yoktur.
Temiz aile arabası olup, içinde sigara içilmemiştir. 
Düşük kilometrelidir, masrafsızdır.
Alıcısına hayırlı olsun."
 16415007   , 14 Ocak 2021   , Honda   , Civic   , 1.6 i-VTEC Dream   , 2008   , LPG & Benzin   , Düz   , 1595 cc   , 125 hp   , 165.000 km   ,https://www.arabam.com//ilan/sahibinden-satilik-honda-civic-1-6-i-vtec-dream/sahibinden-honda-civic-1-6-i-vtec-dream-2008-model/16415007,  105.000 TL  ,   Created by Arabam IT  Ön Tampon     Sağ Arka ÇamurlukMotor KaputuArka KaputTavanArka Tampon  Sağ Arka Çamurluk:  Boyanmış  Arka Kaput:  Boyanmış  Sol Arka Çamurluk:  Boyanmış  Sağ Arka Kapı:  Boyanmış  Sağ Ön Kapı:  Boyanmış  Sol Arka Kapı:  Boyanmış  Sol Ön Kapı:  Boyanmış  Sağ Ön Çamurluk:  Boyanmış  Motor Kaputu:  Boyanmış  Sol Ön Çamurluk:  Boyanmış  BelirtilmemişOrijinalBoyalıLokal BoyalıDeğişmiş   Toplam Tramer Tutarı:  17.000 TL  ,"2008 Honda Civic 2019 yılında 132 bin km de aldım ve LPG taktırdım hala garantisi devam etmektedir.Tavan hariç boyalı olduğu için aldıktan sonra ben de çiziklerden dolayı 5 parçasını boyattım şuan ön tamponda taş izleri hariç çizik yoktur.Geri görüş kamerası ve double teyp bu sene takıldıAkünün garantisi devam ediyor.kısalar photon marka zenon, yağ bakımları yeni yapıldı ve bakım sırasında balatalar değişti."
 16085561   , 05 Şubat 2021   , Fiat   , Linea   , 1.3 Multijet Urban   , 2013   , Dizel   , Düz   , 1248 cc   , 95 hp   , 158.500 km   ,https://www.arabam.com//ilan/sahibinden-satilik-fiat-linea-1-3-multijet-urban/sahibinden-fiat-linea-1-3-multijet-urban-2013-model/16085561,  97.500 TL  ,   Created by Arabam IT  Ön Tampon     Sağ Arka ÇamurlukMotor KaputuArka KaputTavanArka Tampon  Sağ Ön Çamurluk:  Değişmiş  Motor Kaputu:  Değişmiş  BelirtilmemişOrijinalBoyalıLokal BoyalıDeğişmiş   Tramer tutarı yok   ,2013 model linea urban plus paketidir.araç sınıfının en dolusu ve donanımlısıdır.araçta kış lastikleri yenidir bütün sıvı bakımları ve ağır bakımları yapılmıştır. Araçımı satmamın sebebi model yükseltmek içindir aracımda 2 parça değişen var bu değişenler orjinali ile değişmiştir 3 parça lokal boya mevcuttur  hasar kaydı yoktur.km 158 bindedir km orjinaldir araçım orjinal bir araçtır pasta cilası boya korumasını yaptırdım haftasonları kullanılan bir araçtır pazarlık usulünce yapılır alıcısına hayırlı olsun . Takas olur modeli düşük araçlarla değil. Eksper raporu mevcuttur.
 16031410   , 05 Şubat 2021   , Fiat   , Linea   , 1.3 Multijet Active Plus   , 2013   , Dizel   , Düz   , 1248 cc   , 95 hp   , 130.600 km   ,https://www.arabam.com//ilan/sahibinden-satilik-fiat-linea-1-3-multijet-active-plus/sahibinden-fiat-linea-1-3-multijet-active-plus-2013-model/16031410,  84.500 TL  ,   Created by Arabam IT  Ön Tampon     Sağ Arka ÇamurlukMotor KaputuArka KaputTavanArka Tampon  Sağ Ön Kapı:  Değişmiş  Sol Ön Kapı:  Değişmiş  Motor Kaputu:  Değişmiş  BelirtilmemişOrijinalBoyalıLokal BoyalıDeğişmiş   Toplam Tramer Tutarı:  9.000 TL  ,Aracım gayet temiz bakımlıdır. Hiç bir sorunu yoktur. Aracım da iki tarafta iki kapi saçı ve motor kaputu değişmiştir. Aracımın büyük bir kazası yoktur. Kazali fotoğraflarını da yüklüyorum.Tum bakımları 2 ay önce yapıldı.Baskı balata yeni değişti. Akü 1 ay önce değişti. Temiz bakimli bir araçtır. Araç aktif olarak kullanılmaktadır buna bağlı olarak km değişebilir
 16058380   , 05 Şubat 2021   , Renault   , Clio   , 1.2 Touch   , 2013   , Benzin   , Düz   , 1149 cc   , 75 hp   , 121.000 km   ,https://www.arabam.com//ilan/sahibinden-satilik-renault-clio-1-2-touch/otomatik-vites-sahibinden-renault-clio-1-2-touch-turbo-2013-model/16058380,  135.000 TL  ,   Created by Arabam IT  Ön Tampon     Sağ Arka ÇamurlukMotor KaputuArka KaputTavanArka Tampon  Sağ Arka Çamurluk:  Lokal Boyanmış  BelirtilmemişOrijinalBoyalıLokal BoyalıDeğişmiş   Tramer tutarı belirtilmemiş   ,Otomatik vites Butun muayelerı Yenı yapıldı ve aksayan Bı yerı yoktur
 15636821   , 05 Şubat 2021   , Peugeot   , 301   , 1.6 HDi Active   , 2016   , Dizel   , Düz   , 1560 cc   , 93 hp   , 110.000 km   ,https://www.arabam.com//ilan/sahibinden-satilik-peugeot-301-1-6-hdi-active/sahibinden-peugeot-301-1-6-hdi-active-2016-model/15636821,  115.000 TL  ,   Created by Arabam IT  Ön Tampon     Sağ Arka ÇamurlukMotor KaputuArka KaputTavanArka Tampon  Sağ Arka Çamurluk:  Boyanmış  Sol Arka Çamurluk:  Boyanmış  Sağ Ön Çamurluk:  Boyanmış  Motor Kaputu:  Boyanmış  BelirtilmemişOrijinalBoyalıLokal BoyalıDeğişmiş ,Park sensörlü 0530 6676549 dan bilgi alabilirsiniz
 15618753   , 05 Şubat 2021   , Seat   , Toledo   , 1.4 TSI Style   , 2017   , Benzin   , Yarı Otomatik   , 1395 cc   , 125 hp   , 36.010 km   ,https://www.arabam.com//ilan/sahibinden-satilik-seat-toledo-1-4-tsi-style/sahibinden-seat-toledo-1-4-tsi-125-hp-otomatik-dsg-style-2017-model/15618753,  204.500 TL  , Satıcı bu ilan için boya - değişen  bilgisi vermemiştir.Detaylı bilgi almak için satıcı ile iletişime geçebilirsiniz.   Tramer tutarı yok   ,"2017 Model 1.4 DSG TSİ Style Toledomu Gayrimenkul almayı düşündüğümden dolayı satmak istiyorum. Aracımdan çok memnunum. Rahat konforlu bir araçtır. İkinci sahibiyim. Aldığımda boyasında ufak tefek vernik atmaları mevcuttu, vernik atmaları çoğalınca daha sonra yetkili servis olan DOĞUŞ Oto Esenyurt'ta garanti kapsamında komple boyattım.İsteyene resimlerini gösteririm. Lütfen bu yüzden boya takıntısı olanlar fiyat düşürmek için çaba sarf etmesinler. Şu anda 33.700 km de olup Kasım ayına kadar 45.000 bakımı ücretsiz olarak yetkili servisinde yapılacaktır. İsteyen olursa Yetkili servisten bilgi alabilir. İçi dışı temiz bir araç olup servis bakımlıdır, belgeleri mevcuttur.Alıcısına hayırlı olsun. Aracımı Hafta sonları yada hafta içi akşam 18.00 den sonra görebilirsiniz.Araç başında pazarlık cüzi miktarda yapılabilir.
"
 15638360   , 05 Şubat 2021   , Renault   , Clio   , 1.2 Icon   , 2014   , Benzin   , Düz   , 1149 cc   , 75 hp   , 26.000 km   ,https://www.arabam.com//ilan/sahibinden-satilik-renault-clio-1-2-icon/sahibinden-renault-clio-1-2-icon-2014-model/15638360,  119.500 TL  ,   Created by Arabam IT  Ön Tampon     Sağ Arka ÇamurlukMotor KaputuArka KaputTavanArka Tampon  Sağ Ön Çamurluk:  Değişmiş  Sol Ön Çamurluk:  Değişmiş  Ön Tampon:  Boyanmış  BelirtilmemişOrijinalBoyalıLokal BoyalıDeğişmiş   Toplam Tramer Tutarı:  1.750 TL  ,"ARAÇ KAPALI GARAJ ARABASI
BAKIMLI  - EN DOLU İCON PAKET -HIZ SABİTLEME/FAR SENSÖRÜ YAĞMUR SENSÖRÜ SİS LAMBASI/NAVİGASYON / OTOMATİK KLİMA
ALINDIĞI GÜNDEN BU TARAFA KOLTUKLAR KILIF İLE KULLANILDI ORİJİNALİ HİÇ KULLANILMADI
METAL AKSESUAR VE CAM FİLMLERİ ORİJİNALDİR
ÖN ÇAMURLUKLAR ÇATLAK NEDENİ İLE SERVİSTE DEĞİŞTİ ÖN TAMPON BU İŞLEMLER SIRASINDA ÇİZİKLERDEN DOLAYI BOYA OLDU FOTOĞRAFLARI VAR İSTEYENE İLETİRİZ KESİNLİKLE KAZA YOK, 
ARAC ORİJİNAL 25 BİN KM DE DOTA GİDER  BİR ARAÇTIR, MODEL YÜKSELTMEK İÇİN SATIYORUZ.
ARACIN BAKIMI YENİ YAPTIRILDI,1 YIL VEYA 10 BİN KM BAKIM MASRAFINIZ YOK
DEĞERİNDE OLURSA SATILIR YOKSA BİR SIKINTIMIZ YOK EVİN 2.ARACI
 "
 15983558   , 05 Şubat 2021   , Hyundai   , Accent Era   , 1.5 CRDi-VGT Team   , 2006   , Dizel   , Düz   , 1493 cc   , 110 hp   , 177.000 km   ,https://www.arabam.com//ilan/sahibinden-satilik-hyundai-accent-era-1-5-crdi-vgt-team/sahibinden-hyundai-accent-era-1-5-crdi-vgt-team-2006-model/15983558,  50.000 TL  ,   Created by Arabam IT  Ön Tampon     Sağ Arka ÇamurlukMotor KaputuArka KaputTavanArka Tampon  Sağ Arka Çamurluk:  Boyanmış  Arka Kaput:  Değişmiş  Sol Arka Çamurluk:  Boyanmış  Sağ Arka Kapı:  Boyanmış  Sağ Ön Kapı:  Boyanmış  Tavan:  Boyanmış  Sol Arka Kapı:  Boyanmış  Sol Ön Kapı:  Değişmiş  Sağ Ön Çamurluk:  Değişmiş  Motor Kaputu:  Boyanmış  Sol Ön Çamurluk:  Boyanmış  Ön Tampon:  Boyanmış  Arka Tampon:  Boyanmış  BelirtilmemişOrijinalBoyalıLokal BoyalıDeğişmiş   Toplam Tramer Tutarı:  1.200 TL  ,"Aracım hyundai accent era 1.5 ,aracımın motoru mukkemeldir, yokuşları isterseniz 140 150 ile çıkar tınlamaz, temiz bakılmıştır,fiyat makul ev alacağım için bu fiyat acil paraya ihtiyacımız var boş fiyat ve muhabbet edecekler aramasın rica ediyorum..."
 16143713   , 05 Şubat 2021   , Fiat   , Marea   , 2.0 HLX   , 1998   , Benzin   , Düz   , 1998 cc   , 147 hp   , 290.000 km   ,https://www.arabam.com//ilan/sahibinden-satilik-fiat-marea-2-0-hlx/sahibinden-fiat-marea-2-0-hlx-1998-model/16143713,  30.000 TL  , Satıcı bu ilan için boya - değişen  - tramer bilgisi vermemiştir.Detaylı bilgi almak için satıcı ile iletişime geçebilirsiniz. ,Aracımız calısır durumdadır motor yeni rektifiye yapıldı motor tesisatı sıfırlandı arac cekme belgeli ufak tefek masrafları vardır . yeni sahibine hayırlı olsun.
 14606045   , 05 Şubat 2021   , Renault   , Megane   , 1.6 Coupe Sport   , 2001   , LPG & Benzin   , Düz   , 1598 cc   , 107 hp   , 280.000 km   ,https://www.arabam.com//ilan/sahibinden-satilik-renault-megane-1-6-coupe-sport/sahibinden-full-otomatik-vites-renault-megane-1-6-coupe-sport-2001-model/14606045,  46.000 TL  ,   Created by Arabam IT  Ön Tampon     Sağ Arka ÇamurlukMotor KaputuArka KaputTavanArka Tampon  Sağ Arka Çamurluk:  Orijinal  Arka Kaput:  Orijinal  Sol Arka Çamurluk:  Orijinal  Sağ Arka Kapı:  Orijinal  Sağ Ön Kapı:  Orijinal  Tavan:  Orijinal  Sol Arka Kapı:  Orijinal  Sol Ön Kapı:  Orijinal  Sağ Ön Çamurluk:  Orijinal  Motor Kaputu:  Orijinal  Sol Ön Çamurluk:  Orijinal  Ön Tampon:  Orijinal  Arka Tampon:  Orijinal  BelirtilmemişOrijinalBoyalıLokal BoyalıDeğişmiş ,Aracım full otomatik vites yapılacak.SUNROF CAM AÇILMIYOR TAVAN CAMI ELDEN GEÇECEK.
 15639237   , 05 Şubat 2021   , Volkswagen   , Passat   , 1.6 FSi Comfortline   , 2006   , Benzin   , Otomatik   , 1598 cc   , 115 hp   , 190.000 km   ,https://www.arabam.com//ilan/sahibinden-satilik-volkswagen-passat-1-6-fsi-comfortline/sifir-muayene-orjinal187-000-km-de-1-6-fsi-otomatik-passat/15639237,  125.000 TL  ,   Created by Arabam IT  Ön Tampon     Sağ Arka ÇamurlukMotor KaputuArka KaputTavanArka Tampon  Sağ Arka Çamurluk:  Lokal Boyanmış  Arka Kaput:  Orijinal  Sol Arka Çamurluk:  Lokal Boyanmış  Sağ Arka Kapı:  Lokal Boyanmış  Sağ Ön Kapı:  Boyanmış  Tavan:  Orijinal  Sol Arka Kapı:  Lokal Boyanmış  Sol Ön Kapı:  Lokal Boyanmış  Sağ Ön Çamurluk:  Değişmiş  Motor Kaputu:  Orijinal  Sol Ön Çamurluk:  Boyanmış  Ön Tampon:  Orijinal  Arka Tampon:  Orijinal  BelirtilmemişOrijinalBoyalıLokal BoyalıDeğişmiş ,"ARACIM YENİ MUAYENE DEN GEÇTİ 2 YIÖ SIRUN YOK KM ORJİNAL‼️ AKTİF  AİLE ARACIMIZ MODEL YÜKSELTMEK İÇİN SATILIKTIR.
 HİÇ LPG TAKILMAMIŞ MOTORU, YÜRÜYENİ SORUNSUZ YAŞI GEREĞİ BEL ALTI BOYALI
 SAĞ ÇAMURLUK DEĞİŞEN KAPUT TAVAN BAGAJ ORJİNAL 
 SORUNLU OLAN DSG ŞANSIMAN DEĞİL TRİPTRONİC ŞANZUMAN.
RENK ANTRASİT! 
 
ALICISINA HAYIRLI OLSUN..."
 14797784   , 05 Şubat 2021   , BMW   , 1 Serisi   , 116i Premium   , 2011   , LPG & Benzin   , Otomatik   , 1596 cc   , 116 hp   , 184.000 km   ,https://www.arabam.com//ilan/sahibinden-satilik-bmw-1-serisi-116i-premium/sahibinden-bmw-1-serisi-116i-premium-2011-model/14797784,  200.000 TL  ,   Created by Arabam IT  Ön Tampon     Sağ Arka ÇamurlukMotor KaputuArka KaputTavanArka Tampon  Sağ Arka Çamurluk:  Orijinal  Arka Kaput:  Orijinal  Sol Arka Çamurluk:  Orijinal  Sağ Arka Kapı:  Orijinal  Sağ Ön Kapı:  Orijinal  Tavan:  Orijinal  Sol Arka Kapı:  Orijinal  Sol Ön Kapı:  Orijinal  Sağ Ön Çamurluk:  Orijinal  Motor Kaputu:  Orijinal  Sol Ön Çamurluk:  Orijinal  Ön Tampon:  Orijinal  Arka Tampon:  Orijinal  BelirtilmemişOrijinalBoyalıLokal BoyalıDeğişmiş   Tramer tutarı yok   ,Temiz boya değişen yok bakımlı lastikler muayene ve bakım yeni al bin 
 16141899   , 05 Şubat 2021   , BMW   , 1 Serisi   , 116i Standart   , 2007   , LPG & Benzin   , Düz   , 1596 cc   , 116 hp   , 185.000 km   ,https://www.arabam.com//ilan/sahibinden-satilik-bmw-1-serisi-116i-standart/sahibinden-bmw-1-serisi-116i-standart-2007-model/16141899,  125.000 TL  ,   Created by Arabam IT  Ön Tampon     Sağ Arka ÇamurlukMotor KaputuArka KaputTavanArka Tampon  Sağ Arka Çamurluk:  Orijinal  Arka Kaput:  Orijinal  Sol Arka Çamurluk:  Lokal Boyanmış  Sağ Arka Kapı:  Orijinal  Sağ Ön Kapı:  Orijinal  Tavan:  Orijinal  Sol Arka Kapı:  Orijinal  Sol Ön Kapı:  Orijinal  Sağ Ön Çamurluk:  Orijinal  Motor Kaputu:  Orijinal  Sol Ön Çamurluk:  Orijinal  Ön Tampon:  Orijinal  Arka Tampon:  Orijinal  BelirtilmemişOrijinalBoyalıLokal BoyalıDeğişmiş   Tramer tutarı yok   ,"Dil dökmeye gerek yok.﻿Her şeyi orjinaldir.Değişen yoktur.Boya yoktur. (Sol arka çamurluk- Küçük lokalize)Hata yoktur.Tramer yoktur. Kaza yoktur.Fotoğraflarda (expertiz, km, kapı döşemeleri, koltuk döşemeleri..) her şey gözüküyor dikkatli bakmanızı öneririm.Daha temizi olduğunu düşünmüyorum.Plaka açık istediğiniz yere mesaj atabilirsiniz.İstediğiniz ekspertize götürebilirsiniz"
 16144748   , 05 Şubat 2021   , Kia   , Picanto   , 1.0 MPI   , 2020   , Benzin   , Otomatik   , 998 cc   , 67 hp   , 1.750 km   ,https://www.arabam.com//ilan/sahibinden-satilik-kia-picanto-1-0-mpi/sahibinden-kia-picanto-1-0-mpi-2020-model/16144748,  140.000 TL  , Satıcı bu ilan için boya - değişen  - tramer bilgisi vermemiştir.Detaylı bilgi almak için satıcı ile iletişime geçebilirsiniz. ,"Aracı alalı bes alti ay oldu olmadı, ÖTV muaf olarak almıştım, ancak bazi nedenlerden dolayı satmak zorunda kaldım.
Aracima ekstra olarak bayiiden 1. kalite kaput koruma filmi ve cam filmi (Fujiyama Amateras marka) yaptırdım. Koltuklara kılıf olsun, havuz paspas olsun, aracın hiçbir eksiği yok. Sadece kış lastiği almamistim, onu da alacaktım ama vaktim olmadı.Zaten satmak için degil uzun yıllar binmek için almıştım ama kısmet olmadı.
Aracın şanzıman hissettirmiyor, motor ise o kasaya göre çok iyi. AMT şanzıman ile yakıt tasarrufu en üst seviyede zaten.
Aracı çok az hafta sonlari kullandık, genelde garajda yatıyor. Kilometreden de anlaşılabilir zaten.
Araçta değişen boya zaten yok ancak küçük bir kaza sonucu ön tamponda tamir yaptırdım, fotoğrafı mevcut. Karşı aracın kaydı (bedelsiz olarak) çıkıyor, harici bir trameri kazası vs. yok."
 16145638   , 05 Şubat 2021   , Kia   , Ceed   , 1.6 CRDi Concept Plus   , 2014   , Dizel   , Otomatik   , 1582 cc   , 128 hp   , 182.000 km   ,https://www.arabam.com//ilan/sahibinden-satilik-kia-ceed-1-6-crdi-concept-plus/acill-pazarliksiz-son-fiyat-ogretmenden-cam-tavan-otomatik-vites-2014/16145638,  135.000 TL  ,   Created by Arabam IT  Ön Tampon     Sağ Arka ÇamurlukMotor KaputuArka KaputTavanArka Tampon  Sağ Arka Çamurluk:  Lokal Boyanmış  Arka Kaput:  Değişmiş  Sol Arka Çamurluk:  Boyanmış  Sol Arka Kapı:  Değişmiş  Motor Kaputu:  Değişmiş  BelirtilmemişOrijinalBoyalıLokal BoyalıDeğişmiş ,Ağır hasarlıBoya durumu ve bilgiler fotolarda mevcutAraç çok temiz İç döşemeler koltuklar ilk günkü gibi 
 16115973   , 05 Şubat 2021   , Opel   , Vectra   , 1.6 GL   , 1998   , LPG & Benzin   , Düz   , 1598 cc   , 100 hp   , 215.000 km   ,https://www.arabam.com//ilan/sahibinden-satilik-opel-vectra-1-6-gl/sahibinden-opel-vectra-1-6-gl-1998-model/16115973,  50.000 TL  ,   Created by Arabam IT  Ön Tampon     Sağ Arka ÇamurlukMotor KaputuArka KaputTavanArka Tampon  Sağ Arka Çamurluk:  Orijinal  Arka Kaput:  Değişmiş  Sol Arka Çamurluk:  Orijinal  Sağ Arka Kapı:  Orijinal  Sağ Ön Kapı:  Boyanmış  Tavan:  Orijinal  Sol Arka Kapı:  Orijinal  Sol Ön Kapı:  Boyanmış  Sağ Ön Çamurluk:  Boyanmış  Motor Kaputu:  Değişmiş  Sol Ön Çamurluk:  Orijinal  Ön Tampon:  Orijinal  Arka Tampon:  Orijinal  BelirtilmemişOrijinalBoyalıLokal BoyalıDeğişmiş   Toplam Tramer Tutarı:  1.500 TL  ,ASKERİ PERSONEL DEN ALMAN TANKI araç çok temiz kullanılmışdır emsallerinden çok temizdirDiri ve güçlü araç ikinci sahibinden tramer 1.500 tl ekspertiz raporu resimlerde mevcut dur  
 16140225   , 05 Şubat 2021   , Fiat   , Egea   , 1.4 Fire Street   , 2020   , LPG & Benzin   , Düz   , 1368 cc   , 95 hp   , 2.300 km   ,https://www.arabam.com//ilan/sahibinden-satilik-fiat-egea-1-4-fire-street/sahibinden-fiat-egea-1-4-fire-street-2020-model/16140225,  162.000 TL  ,   Created by Arabam IT  Ön Tampon     Sağ Arka ÇamurlukMotor KaputuArka KaputTavanArka Tampon  Sağ Arka Çamurluk:  Orijinal  Arka Kaput:  Orijinal  Sol Arka Çamurluk:  Orijinal  Sağ Arka Kapı:  Orijinal  Sağ Ön Kapı:  Orijinal  Tavan:  Orijinal  Sol Arka Kapı:  Orijinal  Sol Ön Kapı:  Orijinal  Sağ Ön Çamurluk:  Orijinal  Motor Kaputu:  Orijinal  Sol Ön Çamurluk:  Orijinal  Ön Tampon:  Orijinal  Arka Tampon:  Orijinal  BelirtilmemişOrijinalBoyalıLokal BoyalıDeğişmiş   Tramer tutarı yok   ,Aracım servis garantilidir. Fiat yetkili servisinde LPG takılmıştır.ayrica seramik kaplama koltuk koruma kolçak park sensörü geri görüş kamerası cam filmi serviste takilmistir.ayrica renk farkı 1600 TL ödenmiştir.yeni zamlar gelmeden alıcısına şimdiden hayırlı olsun.
 15381714   , 05 Şubat 2021   , Fiat   , Egea   , 1.4 Fire Urban Plus   , 2020   , Benzin   , Düz   , 1368 cc   , 95 hp   , 400 km   ,https://www.arabam.com//ilan/sahibinden-satilik-fiat-egea-1-4-fire-urban-plus/damping-0-ayarinda-fiat-egea-1-4-urban-plus-2020-temmuz-cikisli-6-ileri-vitesli-benzinli-sade/15381714,  147.500 TL  ,   Created by Arabam IT  Ön Tampon     Sağ Arka ÇamurlukMotor KaputuArka KaputTavanArka Tampon  Sağ Arka Çamurluk:  Orijinal  Arka Kaput:  Orijinal  Sol Arka Çamurluk:  Orijinal  Sağ Arka Kapı:  Orijinal  Sağ Ön Kapı:  Orijinal  Tavan:  Orijinal  Sol Arka Kapı:  Orijinal  Sol Ön Kapı:  Orijinal  Sağ Ön Çamurluk:  Orijinal  Motor Kaputu:  Orijinal  Sol Ön Çamurluk:  Orijinal  Ön Tampon:  Orijinal  Arka Tampon:  Orijinal  BelirtilmemişOrijinalBoyalıLokal BoyalıDeğişmiş   Tramer tutarı yok   ,Aracım 2020 yılı Temmuz ayı çıkışlıdır.  Alalı henüz 7 ay olmuş ve yalnızca 400 KM kullanılmıştır. Şirket aracım olduğu icin satmak istiyorum.Araçtan son derece memnunum. Aracım dolu pakettir. İnternetten özelliklerine bakabilirsiniz. Alana şimdiden hayırlı olmasını dilerim.
 14921244   , 05 Şubat 2021   , Audi   , A3   , A3 Sedan 1.6 TDI Attraction   , 2016   , Dizel   , Yarı Otomatik   , 1598 cc   , 110 hp   , 86.800 km   ,https://www.arabam.com//ilan/sahibinden-satilik-audi-a3-sedan-1-6-tdi-attraction/tramersiz-hatasiz-ciziksiz-boyasiz-arayanlara-sifirdan-farksiz/14921244,  301.500 TL  ,   Created by Arabam IT  Ön Tampon     Sağ Arka ÇamurlukMotor KaputuArka KaputTavanArka Tampon  Sağ Arka Çamurluk:  Orijinal  Arka Kaput:  Orijinal  Sol Arka Çamurluk:  Orijinal  Sağ Arka Kapı:  Orijinal  Sağ Ön Kapı:  Orijinal  Tavan:  Orijinal  Sol Arka Kapı:  Orijinal  Sol Ön Kapı:  Orijinal  Sağ Ön Çamurluk:  Orijinal  Motor Kaputu:  Orijinal  Sol Ön Çamurluk:  Orijinal  Ön Tampon:  Orijinal  Arka Tampon:  Orijinal  BelirtilmemişOrijinalBoyalıLokal BoyalıDeğişmiş   Tramer tutarı yok   ,"
AUDI A3 SEDAN 1.6 DIZEL
SADECE 86800 KM'DE
 
 GARANTİ KAPSAMINDA NERDEYSE HİÇ 
KULLANILMAMIŞTIR
 
1.6 TDI DİZEL OTOMATİK
110 HP
 
# ARABADA HİÇ SİGARA İÇİLMEMİŞTİR #
 
SPORTİF FONKSİYONEL DİREKSİYON
 
TEK HAREKETLE ANAHTARSIZ GİBİ OTOMATİK ÇALIŞTIRMA
ÖZELLİKLER :
NAVİGASYON / GÜNDÜZ LED'Lİ
AUTO FAR / AUTO EL FRENİ
PARK SENSÖRÜ / YAĞMUR SENSÖRÜ
GENİŞ EKRAN MULTİMEDYA
DIGITAL GÖRÜNTÜLEME
DIGITAL KLİMA - ÖNDE 4 ARKA DA 2 ADET
YOL BİLGİSAYARI / YOKUŞ KALKIŞ DESTEĞİ
BLUETOOTH BİLGİSAYAR / SPORTİF ÇELİK JANTLAR
MERKEZİ KİLİT / ÇOCUK KİLİTİ
ELEKTİRİK ISITMALI AYNALAR
8 AİRBAG / OTOMATİK 4 CAM
ARAÇ TAMAMEN FULL'DÜR
FULL SERVİS BAKIMLI
İYİ NİYET GARANTİSİ DEVAM ETMEKTEDİR
BÜTÜN BAKIM SERVİSLERİ DÜZENLİ YAPIMIŞTIR
15.000 KM - 30.000 KM - 45.000 KM - 60.000 KM - 75.000 KM BAKIM SERVİSLERİ ZAMANINDA YAPILMIŞTIR
YEDEK ANAHTARI VE KİTAPÇIK MEVCUTTUR
 
ARAÇTA DEĞİŞEN / SÖKÜLEN YOKTUR
ARAÇTA TRAMER / HASAR KAYDI YOKTUR
**
 
ALICISINA ŞİMDİDEN HAYIRLI OLSUN
"
 16135504   , 05 Şubat 2021   , Hyundai   , Accent Era   , 1.4 Team   , 2011   , LPG & Benzin   , Düz   , 1399 cc   , 97 hp   , 290.000 km   ,https://www.arabam.com//ilan/sahibinden-satilik-hyundai-accent-era-1-4-team/sahibinden-hyundai-accent-era-1-4-team-2011-model-adana/16135504,  61.000 TL  , Satıcı bu ilan için boya - değişen  - tramer bilgisi vermemiştir.Detaylı bilgi almak için satıcı ile iletişime geçebilirsiniz. ,ARACİMİN TUM BAKİMLARİ YAPİLMİS OLUP MASRAFİ OLMAYAN Bİ ARACTİR MUAYNESİ YENİ SIRALI SİSTRM LPG VAR ARAC TAVAN HARİÇ DIŞTAN BOYALİ İC KİSİMLARDA BOYA OYNAMA YOKTUR KOLTUKLARI DÖŞEMELERİ LEKESİZ TAKSİ CİKMASİ OLUP AMA DİĞER DÖKÜK TAKSİ ÇIKMALARIYLA KARİSTİRMAYİNİZ MOTOR SANZİMAN ALT TAKİM SIKINTIZDİR KAZA DARBE YOK İSTEDİGİNİZ HERYERE GOSTEREBİLİRNİZNOT : KİLOMETRE ORJİNAL DEGİLDİR
 16133579   , 05 Şubat 2021   , Ford   , Fiesta   , 1.25 Trend   , 2010   , Benzin   , Düz   , 1242 cc   , 82 hp   , 213.000 km   ,https://www.arabam.com//ilan/sahibinden-satilik-ford-fiesta-1-25-trend/sahibinden-ford-fiesta-1-25-trend-2010-model/16133579,  76.500 TL  ,   Created by Arabam IT  Ön Tampon     Sağ Arka ÇamurlukMotor KaputuArka KaputTavanArka Tampon  Tavan:  Orijinal  BelirtilmemişOrijinalBoyalıLokal BoyalıDeğişmiş   Tramer tutarı belirtilmemiş   ,2010 model fiesta zenon far fabrikasyon park sensörü ön konsol çift renk muayne daha 4 aylık lasitikler iy durum da 3 parça degişen tavan hariç boyalı eski kasa fiyatına yeni kasa aracın motoru çok iydir lpg hiç takılmamıştır
 16086250   , 05 Şubat 2021   , Volkswagen   , Passat   , 1.6 TDi BlueMotion Comfortline   , 2012   , Dizel   , Düz   , 1598 cc   , 105 hp   , 120.000 km   ,https://www.arabam.com//ilan/sahibinden-satilik-volkswagen-passat-1-6-tdi-bluemotion-comfortline/sahibinden-volkswagen-passat-1-6-tdi-bluemotion-comfortline-2012-model/16086250,  209.500 TL  ,   Created by Arabam IT  Ön Tampon     Sağ Arka ÇamurlukMotor KaputuArka KaputTavanArka Tampon  Sağ Arka Çamurluk:  Orijinal  Arka Kaput:  Orijinal  Sol Arka Çamurluk:  Orijinal  Sağ Arka Kapı:  Orijinal  Sağ Ön Kapı:  Boyanmış  Tavan:  Orijinal  Sol Arka Kapı:  Orijinal  Sol Ön Kapı:  Boyanmış  Sağ Ön Çamurluk:  Boyanmış  Motor Kaputu:  Değişmiş  Sol Ön Çamurluk:  Değişmiş  Ön Tampon:  Orijinal  Arka Tampon:  Orijinal  BelirtilmemişOrijinalBoyalıLokal BoyalıDeğişmiş   Toplam Tramer Tutarı:  19.000 TL  ,"Aracımı 1 yıldır eşimle  birlikte severek kullanmaktayız, aracın hiç bir sorun ve masrafı yoktur, aracımızı satma sebebimiz model yükseltmek istiyoruzAraçta parça parça 19.000 TL hasar kaydı vardır, kesinlikle ağır hasar veya pert kaydı yoktur, hiç tüp takılmamıştır araç başında ufak pazarlık payı vardır. Bütün vergileri muayenesi bakımı herşeyi tamdır. Hiçbir sıkıntısı yoktur. Havuz paspasları bagaj havuzu ve geri görüş kameralı büyük ekran teyp v.s. Alan kişiye hayırlı olsun. "
 16134717   , 05 Şubat 2021   , Opel   , Astra   , 1.6 CDTI Sport   , 2014   , Dizel   , Düz   , 1598 cc   , 136 hp   , 110.000 km   ,https://www.arabam.com//ilan/sahibinden-satilik-opel-astra-1-6-cdti-sport/sahibinden-opel-astra-1-6-cdti-sport-2014-model/16134717,  154.500 TL  ,   Created by Arabam IT  Ön Tampon     Sağ Arka ÇamurlukMotor KaputuArka KaputTavanArka Tampon  Sol Arka Çamurluk:  Boyanmış  Sol Arka Kapı:  Boyanmış  Sol Ön Kapı:  Boyanmış  Sol Ön Çamurluk:  Boyanmış  BelirtilmemişOrijinalBoyalıLokal BoyalıDeğişmiş   Toplam Tramer Tutarı:  4.585 TL  ,aracin sag arka camurlukta surtmeden dolayi hafif gocuk var. boya olmamasi icin yaptirilmadi. sol kisim bariyere surtmekten dolayi boyali. auto king de ozenle yapildi tramer 4585 tlmuayene 2021 Eylul
 15819530   , 05 Şubat 2021   , Renault   , Fluence   , 1.5 dCi Dynamique   , 2012   , Dizel   , Yarı Otomatik   , 1461 cc   , 110 hp   , 113.000 km   ,https://www.arabam.com//ilan/sahibinden-satilik-renault-fluence-1-5-dci-dynamique/sahibinden-renault-fluence-1-5-dci-dynamique-2012-model/15819530,  133.500 TL  , Satıcı bu ilan için boya - değişen  bilgisi vermemiştir.Detaylı bilgi almak için satıcı ile iletişime geçebilirsiniz.   Tramer tutarı yok   ,Öncelikle Merhaba. Araç kendi kullanmış olduğum araçtır. Temiz sıkıntısız araç isteyenlerin kullanmak isteyeceği bir araçtır. Muayenesi 2021 in 10 uncu ayında sona erecek. Yazlık ve kışlık lastiklerini sıfır.. Pazarlık payı vardır. Araçta iki adet önemsiz lokal boya bulunmaktadır. Ön camda önemsiz çatlak mevcuttur. Herhangi bir hasar kaydı bulunmamaktadır.Ayrıntı için mobilde arayınız. Alıcısına hayırlı olsun
 16141414   , 05 Şubat 2021   , Renault   , Megane   , 1.5 dCi Icon   , 2017   , Dizel   , Yarı Otomatik   , 1461 cc   , 110 hp   , 104.000 km   ,https://www.arabam.com//ilan/sahibinden-satilik-renault-megane-1-5-dci-icon/sahibinden-renault-megane-1-5-dci-icon-2017-model/16141414,  230.000 TL  ,   Created by Arabam IT  Ön Tampon     Sağ Arka ÇamurlukMotor KaputuArka KaputTavanArka Tampon  Sağ Arka Çamurluk:  Orijinal  Arka Kaput:  Orijinal  Sol Arka Çamurluk:  Orijinal  Sağ Arka Kapı:  Orijinal  Sağ Ön Kapı:  Orijinal  Tavan:  Orijinal  Sol Arka Kapı:  Orijinal  Sol Ön Kapı:  Orijinal  Sağ Ön Çamurluk:  Orijinal  Motor Kaputu:  Orijinal  Sol Ön Çamurluk:  Orijinal  Ön Tampon:  Orijinal  Arka Tampon:  Orijinal  BelirtilmemişOrijinalBoyalıLokal BoyalıDeğişmiş   Tramer tutarı yok   ,Aracım cam tavan ve en byük ekran harici fuldür. 
 16112935   , 05 Şubat 2021   , Honda   , Civic   , 1.6 i-VTEC ECO Elegance   , 2018   , LPG & Benzin   , Otomatik   , 1597 cc   , 125 hp   , 29.700 km   ,https://www.arabam.com//ilan/sahibinden-satilik-honda-civic-1-6-i-vtec-eco-elegance/sahibinden-honda-civic-1-6-i-vtec-eco-elegance-2018-model/16112935,  242.000 TL  , Satıcı bu ilan için boya - değişen  bilgisi vermemiştir.Detaylı bilgi almak için satıcı ile iletişime geçebilirsiniz.   Tramer tutarı yok   ,araçta boya değişen hasar kaydı yoktur.Garantisi Devam Etmektedir.İçinde Sigara dahi içilmemiştir.Detaylı Expertiz Raporu Vardır.Detaylı Bilgi İçin İletişime Geçebilirsiniz.. Üste nakit alacağım araçlarla takas olur
 16141020   , 05 Şubat 2021   , Fiat   , Panda   , 1.2 Pop   , 2013   , Benzin   , Düz   , 1242 cc   , 69 hp   , 105.000 km   ,https://www.arabam.com//ilan/sahibinden-satilik-fiat-panda-1-2-pop/fiat-panda-1-2-pop-2013-kaza-boya-yok/16141020,  94.000 TL  ,   Created by Arabam IT  Ön Tampon     Sağ Arka ÇamurlukMotor KaputuArka KaputTavanArka Tampon  Sağ Arka Çamurluk:  Orijinal  Arka Kaput:  Orijinal  Sol Arka Çamurluk:  Orijinal  Sağ Arka Kapı:  Orijinal  Sağ Ön Kapı:  Orijinal  Tavan:  Orijinal  Sol Arka Kapı:  Orijinal  Sol Ön Kapı:  Orijinal  Sağ Ön Çamurluk:  Orijinal  Motor Kaputu:  Orijinal  Sol Ön Çamurluk:  Orijinal  Ön Tampon:  Orijinal  Arka Tampon:  Orijinal  BelirtilmemişOrijinalBoyalıLokal BoyalıDeğişmiş ,"Aracımda kaza ve boya yoktur. Ekspertiz raporu mevcut. Ağır bakımları yaz sonu  fiat servisinde yapıldı (4,500₺) ödedim fatura mevcut. Kış lastiği üzerinde. Yürüründe, mekağinde, motorunda hiçbir sıkıntı yoktur. Az yakar çok kaçar. İkinci çocuğumuz olduğu için çok sevdiğimiz aracımızı daha büyük bir araç almak için satıyorum. Suv tarzı arabalarla takas düşünebilirim. Bütçeme uyarsa. Detaylar için telefon ile ulaşabilirsiniz. "
 15610239   , 05 Şubat 2021   , Hyundai   , Coupe   , 1.6 FX   , 2009   , Benzin   , Düz   , 1599 cc   , 105 hp   , 176.000 km   ,https://www.arabam.com//ilan/sahibinden-satilik-hyundai-coupe-1-6-fx/sahibinden-hyundai-coupe-1-6-fx-2009-model/15610239,  82.500 TL  , Satıcı bu ilan için boya - değişen  - tramer bilgisi vermemiştir.Detaylı bilgi almak için satıcı ile iletişime geçebilirsiniz. ,​ARACIN BAKIMLARI YAPILDI KAPORTA OLARAKDA İÇ OLARAKDA RESİMLERDE GÖRÜLDÜĞÜ GİBİDİR .ARACIMIZIN MUANESİ 2021 9. AYA KADAR MEVCUTTUR. ARACIMIZA HİÇ TÜP ATILMAMIŞTIR.SANRUF SORUNSUZ ÇALIŞMAKTADIR .ARACA AÇIK HAVA FİLTRESİ ATILMIŞTIRÇELİK JANT VARDIR ARACIMIZ EN DOLUSUDUR .TRAMER KAYDI 1250 GÖZÜKMEKTEDİR PLAKA AÇIK SORGULATABİLİRSİNİZ ÖNDEN KÜÇÜK Bİ KAZASI MEVCUTTUR.ARAÇTA LOKAL BOYA MEVCUTTUR.KESİNLİKLE KOMPLE BOYALI DEĞİLDİR .  Alıcısına hayırlı olsun 
 16247693   , 05 Şubat 2021   , Hyundai   , i20   , 1.4 CRDi Style   , 2016   , Dizel   , Düz   , 1396 cc   , 90 hp   , 92.000 km   ,https://www.arabam.com//ilan/sahibinden-satilik-hyundai-i20-1-4-crdi-style/hatasiz-boyasiz-degisensiz/16247693,  149.000 TL  ,   Created by Arabam IT  Ön Tampon     Sağ Arka ÇamurlukMotor KaputuArka KaputTavanArka Tampon  Sağ Arka Çamurluk:  Orijinal  Arka Kaput:  Orijinal  Sol Arka Çamurluk:  Orijinal  Sağ Arka Kapı:  Orijinal  Sağ Ön Kapı:  Orijinal  Tavan:  Orijinal  Sol Arka Kapı:  Orijinal  Sol Ön Kapı:  Orijinal  Sağ Ön Çamurluk:  Orijinal  Motor Kaputu:  Orijinal  Sol Ön Çamurluk:  Orijinal  Ön Tampon:  Orijinal  Arka Tampon:  Orijinal  BelirtilmemişOrijinalBoyalıLokal BoyalıDeğişmiş   Tramer tutarı yok   ,"Araç bakımı yeni yapıldı, vize 2021 8 ayında,kozmetik olarak ve  kasası çok temiz.. tramer 1100 TL"
 16734884   , 05 Şubat 2021   , Renault   , R 12   , Toros   , 1989   , LPG & Benzin   , Düz   , 1397 cc   , 72 hp   , 100.000 km   ,https://www.arabam.com//ilan/sahibinden-satilik-renault-r-12-toros/sahibinden-renault-r-12-toros-1989-model/16734884,  23.000 TL  , Satıcı bu ilan için boya - değişen  bilgisi vermemiştir.Detaylı bilgi almak için satıcı ile iletişime geçebilirsiniz.   Tramer tutarı yok   ,Yürüyen aksamı masrafsızdır Kışlık lastikleri üzerindedir 
 16734102   , 05 Şubat 2021   , Tofaş   , Doğan   , SLX   , 1993   , LPG & Benzin   , Düz   , 1581 cc   , 83 hp   , 170.000 km   ,https://www.arabam.com//ilan/sahibinden-satilik-tofas-dogan-slx/sahibinden-tofas-dogan-slx-1993-model/16734102,  31.000 TL  , Satıcı bu ilan için boya - değişen  - tramer bilgisi vermemiştir.Detaylı bilgi almak için satıcı ile iletişime geçebilirsiniz. ,"Aracim 93 model slx. 
1.5 yil vizesi var.
Merkezi kilit.
Ayarlanabilir direksiyon.
Otomatik cam.
Onlerde coil over mecuttur kendi amortisorleri yaninda verilecektir.
Bakimlari kesinlikle yapilmistir. Komple boyalidir. Sag on camurluk degisiktir. Acil satiliktir. Askere gidecegim."
 16733608   , 05 Şubat 2021   , Toyota   , Corolla   , 1.6 Vision   , 2020   , LPG & Benzin   , Otomatik   , 1598 cc   , 132 hp   , 12.500 km   ,https://www.arabam.com//ilan/sahibinden-satilik-toyota-corolla-1-6-vision/sahibinden-toyota-corolla-1-6-vision-2020-model/16733608,  214.000 TL  , Satıcı bu ilan için boya - değişen  - tramer bilgisi vermemiştir.Detaylı bilgi almak için satıcı ile iletişime geçebilirsiniz. ,"Aracın ilk sahibiyim. 2020 7. Ay trafiğe çıkışlı olup sorunsuz sıkıntısız bir araçtır. Km uzun yolda yapılmış olup LPG de 20-30 kuruş arası yakmaktadır. Vision paket olarak daha dolusu yoktur. 
Araca bayiide uygulanan ekstralar.
1-Landirenzo LPG simit 2)10 inç dokunmatik ekran 3) Navigasyon-Harita 4) Geri görüş kamerası 5) Ön-Arka Park Sensörü 6) ön cam dahil 1000 TL değerinde Cam filmi 7) Krom Cam çıtaları 8) Sahler bagaj havuzu ve paspas takımı 9) Çelik karter koruma 10) Led Far
Not: Aracın yazlık lastikleri Petlas velar Sport 17 inç Flame X Pack jantına takılı olup Kışlık lastikler Nokian 15 inç janta takılıdır. Ayrıca sök-tak'a gerek yoktur 2set lastik jant verilecektir.Aracın orijinal teyp ekranı ve bez paspasları da verilecektir.
Aracın sağ arka tampon kısmında belli belirsizyarım el kadar hafif çizik mevcut olup bayiide orijinal çizik boyasıyla usta tarafında normale döndürülmüştür. Tam takım gönül rahatlığıyla binilecek aracım nakit ihtiyacı nedeniyle satılıktır Alıcısına şimdiden hayırlı olsun az da olsa pazarlık payı vardır."
 16732147   , 05 Şubat 2021   , Nissan   , Almera   , 1.5 Visia   , 2006   , LPG & Benzin   , Düz   , 1498 cc   , 98 hp   , 123.000 km   ,https://www.arabam.com//ilan/sahibinden-satilik-nissan-almera-1-5-visia/sahibinden-nissan-almera-1-5-visia-2006-model/16732147,  80.000 TL  ,   Created by Arabam IT  Ön Tampon     Sağ Arka ÇamurlukMotor KaputuArka KaputTavanArka Tampon  Sağ Arka Çamurluk:  Orijinal  Arka Kaput:  Orijinal  Sol Arka Çamurluk:  Boyanmış  Sağ Arka Kapı:  Orijinal  Sağ Ön Kapı:  Orijinal  Tavan:  Orijinal  Sol Arka Kapı:  Boyanmış  Sol Ön Kapı:  Boyanmış  Sağ Ön Çamurluk:  Orijinal  Motor Kaputu:  Orijinal  Sol Ön Çamurluk:  Değişmiş  Ön Tampon:  Orijinal  Arka Tampon:  Orijinal  BelirtilmemişOrijinalBoyalıLokal BoyalıDeğişmiş   Tramer tutarı yok   ,"arabanın 2.sahibiyim 33 binde aldım ve kullanmaktayım bu sürede herhangi bir sorunu olmamıştır ve hiç yarı yolda bırakmamıştır .bakımlı bi araçtır . aracın yedek anahtarı ve kitapçıkları mevcuddur.1 değişen(sol ön çamurluk) ve 3 boya(sol ön -arka kapı, arka çamurluk ) vardır .bunlar benden önceki sahibinde olmuştur. hasar kaydı yoktur.yakıtını koy bin . ocak ayı mtvsi de yatırılmıştır. yakıt olarak çok uygundur  km de 25 kr yakmaktadır.
ön iki cam otomatik  ,çoçuk kilidi, iki hava yastığı, dijital klimadır. direksiyon yükseklik ayarı vardır. arka park sensörü var. koltukları aldığım  günden bu yana kılıflı olarak kullandım. 
gayet temiz, diri ve orjinal bir araçtır alana hayırlı olsun.
satma sebebim model yükseltmek  kafama yatan  araçlarla takas olabilir aradaki farkı konuşur anlaşırız . cadyy ve cureir da olabilir 
pazarlık (suyunu çıkartmamak kaydıyla) olur"
